Power,Mode,BatteryVoltage,CurrX,CurrY,TargetX,TargetY,RPM_M1,DriveM1,TargetM1,RPM_M2,DriveM2,TargetM2,TargetDeg,TargetDis,CurrDeg,CurrDis
OFF,1,12.4,0.0,0.0,1.0,0.0,0.0,35,0.0,-0.0,-33,0.0,0.0,1.0,88.9,0.0
OFF,1,12.4,0.0,0.0,1.0,0.0,0.0,35,0.0,-0.0,-33,0.0,0.0,1.0,88.7,0.0
OFF,1,12.4,0.0,0.0,1.0,0.0,0.0,35,0.0,-0.0,-33,0.0,0.0,1.0,88.5,0.0
OFF,1,12.4,0.0,0.0,1.0,0.0,0.0,35,0.0,-0.0,-33,0.0,0.0,1.0,88.8,0.0
OFF,1,12.4,0.0,0.0,1.0,0.0,0.0,35,0.0,-0.0,-33,0.0,0.0,1.0,88.3,0.0
OFF,1,12.4,0.0,0.0,1.0,0.0,0.0,35,0.0,-0.0,-33,0.0,0.0,1.0,88.5,0.0
OFF,1,12.4,0.0,0.0,1.0,0.0,0.0,35,0.0,-0.0,-33,0.0,0.0,1.0,88.8,0.0
OFF,1,12.4,0.0,0.0,1.0,0.0,0.0,35,0.0,-0.0,-33,0.0,0.0,1.0,88.5,0.0
OFF,1,12.4,0.0,0.0,1.0,0.0,0.0,35,0.0,-0.0,-33,0.0,0.0,1.0,88.6,0.0
OFF,1,12.4,0.0,0.0,1.0,0.0,0.0,35,0.0,-0.0,-33,0.0,0.0,1.0,88.5,0.0
OFF,1,12.4,0.0,0.0,1.0,0.0,0.0,35,0.0,-0.0,-33,0.0,0.0,1.0,88.5,0.0
OFF,1,12.4,0.0,0.0,1.0,0.0,0.0,35,0.0,-0.0,-33,0.0,0.0,1.0,88.9,0.0
OFF,1,12.4,0.0,0.0,1.0,0.0,0.0,35,0.0,-0.0,-33,0.0,0.0,1.0,88.5,0.0
OFF,1,12.4,0.0,0.0,1.0,0.0,0.0,35,0.0,-0.0,-33,0.0,0.0,1.0,88.5,0.0
OFF,1,12.4,0.0,0.0,1.0,0.0,0.0,35,0.0,-0.0,-33,0.0,0.0,1.0,88.6,0.0
OFF,1,12.4,0.0,0.0,1.0,0.0,0.0,35,0.0,-0.0,-33,0.0,0.0,1.0,89.0,0.0
OFF,1,12.4,0.0,0.0,1.0,0.0,0.0,35,0.0,-0.0,-33,0.0,0.0,1.0,88.5,0.0
OFF,1,12.4,0.0,0.0,1.0,0.0,0.0,35,0.0,-0.0,-33,0.0,0.0,1.0,88.4,0.0
OFF,1,12.4,0.0,0.0,1.0,0.0,0.0,35,0.0,-0.0,-33,0.0,0.0,1.0,88.5,0.0
OFF,1,12.4,0.0,0.0,1.0,0.0,0.0,35,0.0,-0.0,-33,0.0,0.0,1.0,88.4,0.0
OFF,1,12.4,0.0,0.0,1.0,0.0,0.0,35,0.0,-0.0,-33,0.0,0.0,1.0,88.6,0.0
OFF,1,12.4,0.0,0.0,1.0,0.0,0.0,35,0.0,-0.0,-33,0.0,0.0,1.0,88.8,0.0
OFF,1,12.4,0.0,0.0,1.0,0.0,0.0,35,0.0,-0.0,-33,0.0,0.0,1.0,88.5,0.0
OFF,1,12.4,0.0,0.0,1.0,0.0,0.0,35,0.0,-0.0,-33,0.0,0.0,1.0,88.8,0.0
OFF,1,12.4,0.0,0.0,1.0,0.0,0.0,35,0.0,-0.0,-33,0.0,0.0,1.0,88.9,0.0
OFF,1,12.4,0.0,0.0,1.0,0.0,0.0,35,0.0,-0.0,-33,0.0,0.0,1.0,88.6,0.0
OFF,1,12.4,0.0,0.0,1.0,0.0,0.0,35,0.0,-0.0,-33,0.0,0.0,1.0,88.6,0.0
OFF,1,12.4,0.0,0.0,1.0,0.0,0.0,35,0.0,-0.0,-33,0.0,0.0,1.0,88.6,0.0
OFF,1,12.4,0.0,0.0,1.0,0.0,0.0,35,0.0,-0.0,-33,0.0,0.0,1.0,88.7,0.0
OFF,1,12.4,0.0,0.0,1.0,0.0,0.0,35,0.0,-0.0,-33,0.0,0.0,1.0,88.2,0.0
OFF,1,12.4,0.0,0.0,1.0,0.0,0.0,35,0.0,-0.0,-33,0.0,0.0,1.0,88.7,0.0
OFF,1,12.4,0.0,0.0,1.0,0.0,0.0,35,0.0,-0.0,-33,0.0,0.0,1.0,88.7,0.0
OFF,1,12.4,0.0,0.0,1.0,0.0,0.0,35,0.0,-0.0,-33,0.0,0.0,1.0,88.7,0.0
OFF,1,12.4,0.0,0.0,1.0,0.0,0.0,35,0.0,-0.0,-33,0.0,0.0,1.0,89.1,0.0
OFF,1,12.4,0.0,0.0,1.0,0.0,0.0,35,0.0,-0.0,-33,0.0,0.0,1.0,88.2,0.0
OFF,1,12.4,0.0,0.0,1.0,0.0,0.0,35,0.0,-0.0,-33,0.0,0.0,1.0,88.4,0.0
OFF,1,12.4,0.0,0.0,1.0,0.0,0.0,35,0.0,-0.0,-33,0.0,0.0,1.0,89.0,0.0
OFF,1,12.4,0.0,0.0,1.0,0.0,0.0,35,0.0,-0.0,-33,0.0,0.0,1.0,88.7,0.0
OFF,1,12.4,0.0,0.0,1.0,0.0,0.0,35,0.0,-0.0,-33,0.0,0.0,1.0,88.4,0.0
OFF,1,12.4,0.0,0.0,1.0,0.0,0.0,35,0.0,-0.0,-33,0.0,0.0,1.0,89.0,0.0
OFF,1,12.4,0.0,0.0,1.0,0.0,0.0,35,0.0,-0.0,-33,0.0,0.0,1.0,88.8,0.0
OFF,1,12.4,0.0,0.0,1.0,0.0,0.0,35,0.0,-0.0,-33,0.0,0.0,1.0,88.3,0.0
OFF,1,12.4,0.0,0.0,1.0,0.0,0.0,35,0.0,-0.0,-33,0.0,0.0,1.0,88.9,0.0
OFF,1,12.4,0.0,0.0,1.0,0.0,0.0,35,0.0,-0.0,-33,0.0,0.0,1.0,89.0,0.0
OFF,1,12.4,0.0,0.0,1.0,0.0,0.0,35,0.0,-0.0,-33,0.0,0.0,1.0,88.7,0.0
OFF,1,12.4,0.0,0.0,1.0,0.0,0.0,35,0.0,-0.0,-33,0.0,0.0,1.0,88.7,0.0
OFF,1,12.4,0.0,0.0,1.0,0.0,0.0,35,0.0,-0.0,-33,0.0,0.0,1.0,88.3,0.0
OFF,1,12.4,0.0,0.0,1.0,0.0,0.0,35,0.0,-0.0,-33,0.0,0.0,1.0,88.5,0.0
OFF,1,12.4,0.0,0.0,1.0,0.0,0.0,35,0.0,-0.0,-33,0.0,0.0,1.0,88.4,0.0
OFF,1,12.4,0.0,0.0,1.0,0.0,0.0,35,0.0,-0.0,-33,0.0,0.0,1.0,88.5,0.0
OFF,1,12.4,0.0,0.0,1.0,0.0,0.0,35,0.0,-0.0,-33,0.0,0.0,1.0,88.2,0.0
OFF,1,12.4,0.0,0.0,1.0,0.0,0.0,35,0.0,-0.0,-33,0.0,0.0,1.0,88.5,0.0
OFF,1,12.4,0.0,0.0,1.0,0.0,0.0,35,0.0,-0.0,-33,0.0,0.0,1.0,88.6,0.0
OFF,1,12.4,0.0,0.0,1.0,0.0,0.0,35,0.0,-0.0,-33,0.0,0.0,1.0,88.5,0.0
OFF,1,12.4,0.0,0.0,1.0,0.0,0.0,35,0.0,-0.0,-33,0.0,0.0,1.0,88.6,0.0
ON,1,12.4,0.0,0.0,1.0,0.0,0.0,95,30.0,-0.0,-93,-30.0,0.0,1.0,88.5,0.0
ON,1,10.1,0.0,0.0,1.0,0.0,44.0,95,30.0,-43.1,-93,-30.0,0.0,1.0,86.1,0.0
ON,1,9.9,0.0,0.0,1.0,0.0,80.4,-7,30.0,-79.3,9,-30.0,0.0,1.0,88.2,0.0
ON,1,12.4,0.0,0.0,1.0,0.0,23.9,7,30.0,-23.9,-3,-30.0,0.0,1.0,88.1,0.0
ON,1,9.4,0.0,0.0,1.0,0.0,0.0,67,30.0,-0.0,-63,-30.0,0.0,1.0,88.3,0.0
ON,1,10.3,0.0,0.0,1.0,0.0,40.4,47,30.0,-38.7,-45,-30.0,0.0,1.0,87.6,0.0
ON,1,9.3,0.0,0.0,1.0,0.0,47.2,13,30.0,-45.0,-13,-30.0,0.0,1.0,87.9,0.0
ON,1,12.4,0.0,0.0,1.0,0.0,19.5,35,30.0,-19.5,-33,-30.0,0.0,1.0,88.0,0.0
ON,1,12.4,0.0,0.0,1.0,0.0,23.8,49,30.0,-22.2,-47,-30.0,0.0,1.0,88.4,0.0
ON,1,12.4,0.0,0.0,1.0,0.0,38.0,33,30.0,-36.4,-33,-30.0,0.0,1.0,91.3,0.0
ON,1,12.4,0.0,0.0,1.0,0.0,32.5,29,30.0,-32.5,-27,-30.0,0.0,1.0,88.5,0.0
ON,1,9.5,0.0,0.0,1.0,0.0,25.5,39,30.0,-24.9,-37,-30.0,0.0,1.0,87.0,0.0
ON,1,9.3,0.0,0.0,1.0,0.0,30.9,39,30.0,-28.7,-39,-30.0,0.0,1.0,86.2,0.0
ON,1,9.0,0.0,0.0,1.0,0.0,34.2,31,30.0,-33.6,-31,-30.0,0.0,1.0,89.0,0.0
ON,1,12.4,0.0,0.0,1.0,0.0,28.7,35,30.0,-28.7,-33,-30.0,0.0,1.0,90.5,0.0
ON,1,9.3,0.0,0.0,1.0,0.0,28.7,39,30.0,-27.7,-37,-30.0,0.0,1.0,88.2,0.0
ON,1,9.2,0.0,0.0,1.0,0.0,32.5,35,30.0,-30.4,-35,-30.0,0.0,1.0,88.9,0.0
ON,1,9.4,0.0,0.0,1.0,0.0,30.9,35,30.0,-30.9,-33,-30.0,0.0,1.0,86.5,0.0
ON,1,12.4,0.0,0.0,1.0,0.0,29.8,37,30.0,-28.7,-35,-30.0,0.0,1.0,84.9,0.0
ON,1,8.9,0.0,0.0,1.0,0.0,31.4,35,30.0,-29.8,-35,-30.0,0.0,1.0,89.4,0.0
ON,1,9.3,0.0,0.0,1.0,0.0,30.4,35,30.0,-30.4,-33,-30.0,0.0,1.0,90.8,0.0
ON,1,12.0,0.0,0.0,1.0,0.0,29.8,37,30.0,-28.7,-35,-30.0,0.0,1.0,90.4,0.0
ON,1,12.4,0.0,0.0,1.0,0.0,30.9,37,30.0,-29.8,-35,-30.0,0.0,1.0,88.8,0.0
ON,1,9.9,0.0,0.0,1.0,0.0,32.0,35,30.0,-30.4,-33,-30.0,0.0,1.0,93.5,0.0
ON,1,12.4,0.0,0.0,1.0,0.0,30.9,35,30.0,-29.3,-33,-30.0,0.0,1.0,88.9,0.0
ON,1,12.4,0.0,0.0,1.0,0.0,29.8,37,30.0,-28.2,-35,-30.0,0.0,1.0,90.5,0.0
ON,1,9.7,0.0,0.0,1.0,0.0,30.9,37,30.0,-29.8,-35,-30.0,0.0,1.0,90.3,0.0
ON,1,12.4,0.0,0.0,1.0,0.0,32.0,35,30.0,-30.3,-33,-30.0,0.0,1.0,92.4,0.0
ON,1,9.5,0.0,0.0,1.0,0.0,30.4,35,30.0,-29.3,-33,-30.0,0.0,1.0,90.5,0.0
ON,1,12.4,0.0,0.0,1.0,0.0,29.8,37,30.0,-28.2,-35,-30.0,0.0,1.0,86.4,0.0
ON,1,10.2,0.0,0.0,1.0,0.0,30.9,37,30.0,-29.8,-35,-30.0,0.0,1.0,90.8,0.0
ON,1,9.7,0.0,0.0,1.0,0.0,32.0,35,30.0,-30.4,-33,-30.0,0.0,1.0,91.5,0.0
ON,1,9.5,0.0,0.0,1.0,0.0,30.4,35,30.0,-29.3,-33,-30.0,0.0,1.0,91.5,0.0
ON,1,9.5,0.0,0.0,1.0,0.0,30.4,35,30.0,-28.7,-35,-30.0,0.0,1.0,88.0,0.0
ON,1,12.4,0.0,0.0,1.0,0.0,30.3,35,30.0,-29.8,-35,-30.0,0.0,1.0,102.2,0.0
ON,1,12.4,0.0,0.0,1.0,0.0,30.2,35,30.0,-30.2,-33,-30.0,0.0,1.0,107.3,0.0
ON,1,12.4,0.0,0.0,1.0,0.0,29.7,37,30.0,-28.6,-35,-30.0,0.0,1.0,112.5,0.0
ON,1,9.4,0.0,0.0,1.0,0.0,31.2,35,30.0,-29.1,-35,-30.0,0.0,1.0,114.8,0.0
ON,1,12.4,0.0,0.0,1.0,0.0,30.7,35,30.0,-30.2,-33,-30.0,0.0,1.0,117.1,0.0
ON,1,12.4,0.0,0.0,1.0,0.0,30.1,35,30.0,-28.5,-35,-30.0,0.0,1.0,118.9,0.0
ON,1,8.8,0.0,0.0,1.0,0.0,29.6,37,30.0,-29.6,-35,-30.0,0.0,1.0,-116.7,0.0
ON,1,9.8,0.0,0.0,1.0,0.0,31.6,-85,-30.0,-30.0,85,30.0,0.0,1.0,-116.5,0.0
ON,1,12.4,0.0,0.0,1.0,0.0,-41.1,-61,-30.0,42.2,61,30.0,0.0,1.0,129.9,0.0
ON,1,9.5,0.0,0.0,1.0,0.0,-61.0,123,30.0,62.6,-123,-30.0,0.0,1.0,102.9,0.0
ON,1,9.4,0.0,0.0,1.0,0.0,52.8,79,30.0,-51.7,-79,-30.0,0.0,1.0,110.9,0.0
ON,1,8.7,0.0,0.0,1.0,0.0,81.8,-25,30.0,-80.7,25,-30.0,0.0,1.0,105.5,0.0
ON,1,9.4,0.0,0.0,1.0,0.0,4.3,27,30.0,-5.4,-23,-30.0,0.0,1.0,99.5,0.0
ON,1,12.4,0.0,0.0,1.0,0.0,9.8,69,30.0,-8.7,-65,-30.0,0.0,1.0,94.8,0.0
ON,1,12.4,0.0,0.0,1.0,0.0,48.0,33,30.0,-44.8,-35,-30.0,0.0,1.0,96.9,0.0
ON,1,9.0,0.0,0.0,1.0,0.0,38.5,17,30.0,-39.1,-15,-30.0,0.0,1.0,90.4,0.0
ON,1,12.4,0.0,0.0,1.0,0.0,17.9,43,30.0,-17.4,-39,-30.0,0.0,1.0,91.7,0.0
ON,1,12.4,0.0,0.0,1.0,0.0,29.8,45,30.0,-26.6,-45,-30.0,0.0,1.0,87.9,0.0
ON,1,12.4,0.0,0.0,1.0,0.0,38.5,29,30.0,-37.4,-29,-30.0,0.0,1.0,87.6,0.0
ON,1,12.4,0.0,0.0,1.0,0.0,29.2,31,30.0,-29.8,-29,-30.0,0.0,1.0,90.4,0.0
ON,1,12.4,0.0,0.0,1.0,0.0,25.5,41,30.0,-24.4,-39,-30.0,0.0,1.0,89.9,0.0
ON,1,10.6,0.0,0.0,1.0,0.0,33.0,35,30.0,-30.9,-37,-30.0,0.0,1.0,89.1,0.0
ON,1,10.0,0.0,0.0,1.0,0.0,31.5,33,30.0,-32.6,-31,-30.0,0.0,1.0,90.6,0.0
ON,1,12.4,0.0,0.0,1.0,0.0,28.7,37,30.0,-28.2,-33,-30.0,0.0,1.0,91.2,0.0
ON,1,12.4,0.0,0.0,1.0,0.0,30.9,37,30.0,-27.7,-37,-30.0,0.0,1.0,92.3,0.0
ON,1,12.4,0.0,0.0,1.0,0.0,32.0,35,30.0,-30.9,-35,-30.0,0.0,1.0,85.9,0.0
ON,1,9.6,0.0,0.0,1.0,0.0,30.9,35,30.0,-30.9,-33,-30.0,0.0,1.0,89.2,0.0
ON,1,9.8,0.0,0.0,1.0,0.0,30.4,35,30.0,-28.7,-35,-30.0,0.0,1.0,90.5,0.0
ON,1,12.4,0.0,0.0,1.0,0.0,29.8,37,30.0,-29.8,-35,-30.0,0.0,1.0,90.2,0.0
ON,1,10.2,0.0,0.0,1.0,0.0,31.4,35,30.0,-30.4,-33,-30.0,0.0,1.0,88.2,0.0
ON,1,10.3,0.0,0.0,1.0,0.0,30.4,35,30.0,-29.3,-33,-30.0,0.0,1.0,94.6,0.0
ON,1,12.4,0.0,0.0,1.0,0.0,30.3,35,30.0,-28.7,-35,-30.0,0.0,1.0,94.1,0.0
ON,1,9.6,0.0,0.0,1.0,0.0,30.4,35,30.0,-29.3,-35,-30.0,0.0,1.0,92.1,0.0
ON,1,9.8,0.0,0.0,1.0,0.0,30.4,35,30.0,-30.4,-33,-30.0,0.0,1.0,96.3,0.0
ON,1,12.4,0.0,0.0,1.0,0.0,29.8,37,30.0,-29.3,-33,-30.0,0.0,1.0,97.4,0.0
ON,1,12.4,0.0,0.0,1.0,0.0,30.9,37,30.0,-27.7,-37,-30.0,0.0,1.0,93.0,0.0
ON,1,12.4,0.0,0.0,1.0,0.0,32.0,35,30.0,-30.9,-35,-30.0,0.0,1.0,93.4,0.0
ON,1,12.4,0.0,0.0,1.0,0.0,30.9,35,30.0,-30.9,-33,-30.0,0.0,1.0,95.1,0.0
ON,1,10.1,0.0,0.0,1.0,0.0,30.4,35,30.0,-28.8,-35,-30.0,0.0,1.0,92.1,0.0
ON,1,12.4,0.0,0.0,1.0,0.0,29.8,37,30.0,-29.8,-35,-30.0,0.0,1.0,94.2,0.0
ON,1,12.4,0.0,0.0,1.0,0.0,32.0,35,30.0,-29.8,-35,-30.0,0.0,1.0,94.4,0.0
ON,1,9.1,0.0,0.0,1.0,0.0,30.4,35,30.0,-29.8,-35,-30.0,0.0,1.0,90.4,0.0
ON,1,9.5,0.0,0.0,1.0,0.0,30.4,35,30.0,-30.4,-33,-30.0,0.0,1.0,92.4,0.0
ON,1,12.4,0.0,0.0,1.0,0.0,30.3,35,30.0,-28.7,-35,-30.0,0.0,1.0,93.0,0.0
ON,1,12.4,0.0,0.0,1.0,0.0,29.8,37,30.0,-29.8,-35,-30.0,0.0,1.0,92.2,0.0
ON,1,12.4,0.0,0.0,1.0,0.0,32.0,35,30.0,-30.4,-33,-30.0,0.0,1.0,94.2,0.0
ON,1,11.1,0.0,0.0,1.0,0.0,30.4,35,30.0,-29.3,-33,-30.0,0.0,1.0,94.4,0.0
ON,1,9.5,0.0,0.0,1.0,0.0,30.4,35,30.0,-28.2,-35,-30.0,0.0,1.0,95.3,0.0
ON,1,9.7,0.0,0.0,1.0,0.0,29.8,37,30.0,-29.8,-35,-30.0,0.0,1.0,93.0,0.0
ON,1,10.5,0.0,0.0,1.0,0.0,31.4,35,30.0,-30.4,-33,-30.0,0.0,1.0,92.8,0.0
ON,1,12.4,0.0,0.0,1.0,0.0,30.9,35,30.0,-29.3,-33,-30.0,0.0,1.0,91.3,0.0
ON,1,12.4,0.0,0.0,1.0,0.0,30.3,35,30.0,-28.1,-35,-30.0,0.0,1.0,93.6,0.0
ON,1,12.4,0.0,0.0,1.0,0.0,29.9,37,30.0,-29.3,-35,-30.0,0.0,1.0,92.2,0.0
ON,1,12.4,0.0,0.0,1.0,0.0,32.0,35,30.0,-30.3,-33,-30.0,0.0,1.0,92.4,0.0
ON,1,9.7,0.0,0.0,1.0,0.0,30.4,35,30.0,-29.3,-33,-30.0,0.0,1.0,92.9,0.0
OFF,1,12.4,0.0,0.0,1.0,0.0,30.3,35,0.0,-28.4,-33,0.0,0.0,1.0,92.8,0.0
OFF,1,12.4,0.0,0.0,1.0,0.0,10.7,35,0.0,-10.7,-33,0.0,0.0,1.0,91.9,0.0
OFF,1,9.6,0.0,0.0,1.0,0.0,-0.5,35,0.0,-0.0,-33,0.0,0.0,1.0,93.0,0.0
OFF,1,12.4,0.0,0.0,1.0,0.0,0.0,35,0.0,-0.0,-33,0.0,0.0,1.0,92.4,0.0
OFF,1,12.4,0.0,0.0,1.0,0.0,0.0,35,0.0,-0.0,-33,0.0,0.0,1.0,92.4,0.0
OFF,1,12.4,0.0,0.0,1.0,0.0,0.0,35,0.0,-0.0,-33,0.0,0.0,1.0,93.3,0.0
OFF,1,12.4,0.0,0.0,1.0,0.0,0.0,35,0.0,-0.0,-33,0.0,0.0,1.0,92.6,0.0
OFF,1,12.4,0.0,0.0,1.0,0.0,0.0,35,0.0,-0.0,-33,0.0,0.0,1.0,93.0,0.0
OFF,1,12.4,0.0,0.0,1.0,0.0,0.0,35,0.0,-0.0,-33,0.0,0.0,1.0,92.9,0.0
OFF,1,12.4,0.0,0.0,1.0,0.0,0.0,35,0.0,-0.0,-33,0.0,0.0,1.0,92.7,0.0
OFF,1,12.4,0.0,0.0,1.0,0.0,0.0,35,0.0,-0.0,-33,0.0,0.0,1.0,92.9,0.0
OFF,1,12.4,0.0,0.0,1.0,0.0,0.0,35,0.0,-0.0,-33,0.0,0.0,1.0,93.4,0.0
OFF,1,12.4,0.0,0.0,1.0,0.0,0.0,35,0.0,-0.0,-33,0.0,0.0,1.0,92.9,0.0
OFF,1,12.4,0.0,0.0,1.0,0.0,0.0,35,0.0,-0.0,-33,0.0,0.0,1.0,92.5,0.0
OFF,1,12.4,0.0,0.0,1.0,0.0,0.0,35,0.0,-0.0,-33,0.0,0.0,1.0,92.9,0.0
OFF,1,12.4,0.0,0.0,1.0,0.0,0.0,35,0.0,-0.0,-33,0.0,0.0,1.0,92.8,0.0
OFF,1,12.4,0.0,0.0,1.0,0.0,0.0,35,0.0,-0.0,-33,0.0,0.0,1.0,93.1,0.0
OFF,1,12.4,0.0,0.0,1.0,0.0,0.0,35,0.0,-0.0,-33,0.0,0.0,1.0,93.5,0.0
OFF,1,12.4,0.0,0.0,1.0,0.0,0.0,35,0.0,-0.0,-33,0.0,0.0,1.0,92.9,0.0
OFF,1,12.4,0.0,0.0,1.0,0.0,0.0,35,0.0,-0.0,-33,0.0,0.0,1.0,92.4,0.0
